Event Num,Event Title,Article Set,Selected Article,Stakeholder,Giver,Receiver,Problematic Behavior,Aftermath,Platform,Link
3909,Face-changed' images cause stir online,"(''Face-changed' images cause stir online', 'people's daily ', '2019-02-27')","(''Face-changed' images cause stir online', 'people's daily ', '2019-02-27')",1-r->1-i,1-r,1-i,Deceptive & Fraudulent Behavior_Impersonation,,Bilibili (streaming site),http://en.chinaculture.org/2019-02/27/content_1353051.htm
43981,Maximum complaints with cyber police station related to social media',"(''Maximum complaints with cyber police station related to social media'', 'the times of india', '2017-05-22')","(''Maximum complaints with cyber police station related to social media'', 'the times of india', '2017-05-22')",1-i->1-r,1-i,1-r,Deceptive & Fraudulent Behavior_Fraud,Protective Measures,Online,https://timesofindia.indiatimes.com/city/nashik/maximum-complaints-with-cyber-police-station-related-to-social-media/articleshow/58779933.cms
48203,Sim swap' gives fraudsters access-all-areas via your mobile phone,"(''Sim swap' gives fraudsters access-all-areas via your mobile phone', 'the guardian', '2015-09-26')","(''Sim swap' gives fraudsters access-all-areas via your mobile phone', 'the guardian', '2015-09-26')",n-r->n-r,n-r,n-r,Deceptive & Fraudulent Behavior_Cybersecurity,Fraud,Email,https://www.theguardian.com/money/2015/sep/26/sim-swap-fraud-mobile-phone-vodafone-customer
38791,Thappad': Taapsee Pannu starrer gets leaked on the internet by Tamilrockers,"(''Thappad': Taapsee Pannu starrer gets leaked on the internet by Tamilrockers', 'the times of india', '2020-02-29')","(''Thappad': Taapsee Pannu starrer gets leaked on the internet by Tamilrockers', 'the times of india', '2020-02-29')",n-r->1-i,n-r,1-i,Deceptive & Fraudulent Behavior_Intellectual Property,,Online,https://timesofindia.indiatimes.com/entertainment/hindi/bollywood/news/thappad-taapsee-pannu-starrer-gets-leaked-on-the-internet-by-tamilrockers/articleshow/74398101.cms
64714,"£25,000 stolen online. But even more shocking: Barclays washes its hands of it","('£25,000 stolen online. But even more shocking: Barclays washes its hands of it', 'the guardian', '2016-03-05')","('£25,000 stolen online. But even more shocking: Barclays washes its hands of it', 'the guardian', '2016-03-05')",1-r->n-r,1-r,n-r,Deceptive & Fraudulent Behavior_Fraud,,Online,https://www.theguardian.com/money/blog/2016/mar/05/scams-fraud-barclays-online-crime-prevent
55729,2 plead guilty in stabbing death tied to Facebook feud,"('2 plead guilty in stabbing death tied to Facebook feud', 'chicago tribune', '2017-09-12')","('2 plead guilty in stabbing death tied to Facebook feud', 'chicago tribune', '2017-09-12')",1-r->1-r,1-r,1-r,Deceptive & Fraudulent Behavior_Fraud,Violent Behavior,Facebook,https://www.chicagotribune.com/2017/09/12/2-plead-guilty-in-stabbing-death-tied-to-facebook-feud/
37405,22-year-old arrested for morphing CM's photo on social media,"('22-year-old arrested for morphing CM's photo on social media', 'the hindustan times', '2020-04-24')","('22-year-old arrested for morphing CM's photo on social media', 'the hindustan times', '2020-04-24')",1-r->n-i,1-r,n-i,Deceptive & Fraudulent Behavior_Defamation,Legal Action,Social Media,https://www.hindustantimes.com/mumbai-news/22-year-old-arrested-for-morphing-cm-s-photo-on-social-media/story-4z4QILM09eWmbDnlDm9AbL.html
39749,"58-year-old man loses Rs 31 lakh in online scam: Telegram, YouTube likes and more, here's how he was duped","('58-year-old man loses Rs 31 lakh in online scam: Telegram, YouTube likes and more, here's how he was duped', 'the times of india', '2023-07-25')","('58-year-old man loses Rs 31 lakh in online scam: Telegram, YouTube likes and more, here's how he was duped', 'the times of india', '2023-07-25')",1-r->1-r,1-r,1-r,Deceptive & Fraudulent Behavior_Fraud,"Fraud, Legal Action",Telegram,https://timesofindia.indiatimes.com/gadgets-news/58-year-old-man-loses-rs-31-lakh-in-online-scam-telegram-youtube-likes-and-more-heres-how-he-was-duped/articleshow/102066874.cms
10442,"A Holocaust survivor fell for a woman online. Then he lost $2.8 million, feds say.","('A Holocaust survivor fell for a woman online. Then he lost $2.8 million, feds say.', 'the washington post', '2023-01-26')","('A Holocaust survivor fell for a woman online. Then he lost $2.8 million, feds say.', 'the washington post', '2023-01-26')",1-r->1-r,1-r,1-r,Deceptive & Fraudulent Behavior_Fraud,Fraud,Online dating website,https://www.washingtonpost.com/nation/2023/01/26/holocaust-survivor-romance-scam-peaches-stergo/
17834,"A Media Personality, Suffering a Blow to His Image, Ponders a Lesson","('A Media Personality, Suffering a Blow to His Image, Ponders a Lesson', 'new york times', '2012-08-20')","('A Media Personality, Suffering a Blow to His Image, Ponders a Lesson', 'new york times', '2012-08-20')",1-i->1-i,1-i,1-i,Deceptive & Fraudulent Behavior_Intellectual Property,Restricted from job/school,News,https://www.nytimes.com/2012/08/20/business/media/scandal-threatens-fareed-zakarias-image-as-media-star.html?smid=tw-share
39408,Agence France-Presse takes Musk's Twitter to court over news content,"('Agence France-Presse takes Musk's Twitter to court over news content', 'the washington post', '2023-08-04')","('Agence France-Presse takes Musk's Twitter to court over news content', 'the washington post', '2023-08-04')",S->1-i,S,1-i,Deceptive & Fraudulent Behavior_Intellectual Property,Legal Action,Twitter,https://www.washingtonpost.com/technology/2023/08/03/afp-elon-musk-x-news-payment/
16132,Andrews in fresh SF tweets controversy,"('Andrews in fresh SF tweets controversy', 'irish examiner', '2013-09-07')","('Andrews in fresh SF tweets controversy', 'irish examiner', '2013-09-07')",1-i->n-r,1-i,n-r,Deceptive & Fraudulent Behavior_Impersonation,,Twitter,https://www.irishexaminer.com/news/arid-20242274.html
60509,Arbaaz Khan's email account hacked,"('Arbaaz Khan's email account hacked', 'the hindustan times', '2011-08-25')","('Arbaaz Khan's email account hacked', 'the hindustan times', '2011-08-25')",n-r->1-i,n-r,1-i,Deceptive & Fraudulent Behavior_Cybersecurity,,Email,https://www.indiaforums.com/article/arbaaz-khans-email-account-hacked_28295
28237,Attorney files claim against Porter County Council president over Facebook post,"('Attorney files claim against Porter County Council president over Facebook post', 'chicago tribune', '2023-01-06')","('Attorney files claim against Porter County Council president over Facebook post', 'chicago tribune', '2023-01-06')",1-i->1-i,1-i,1-i,Deceptive & Fraudulent Behavior_Defamation,Legal Action,Facebook,https://www.chicagotribune.com/2023/01/06/attorney-files-claim-against-porter-county-council-president-over-facebook-post/
52617,"Avoiding a Bad Date Takes Some Work --- Beware, scammers use all sorts of tricks to hook victims via online dating services","('Avoiding a Bad Date Takes Some Work --- Beware, scammers use all sorts of tricks to hook victims via online dating services', 'wall street journal', '2018-03-17')","('Avoiding a Bad Date Takes Some Work --- Beware, scammers use all sorts of tricks to hook victims via online dating services', 'wall street journal', '2018-03-17')",1-r->1-r,1-r,1-r,Deceptive & Fraudulent Behavior_Fraud,Fraud,Facebook,https://www.wsj.com/articles/how-to-protect-yourself-from-an-online-dating-scam-1521129300
17981,Bercow faces fine for naming girl on Twitter,"('Bercow faces fine for naming girl on Twitter', 'the daily telegraph', '2012-11-20')","('Bercow faces fine for naming girl on Twitter', 'the daily telegraph', '2012-11-20')",1-i->1-i,1-i,1-i,Deceptive & Fraudulent Behavior_Defamation,Legal Action,Twitter,https://www.thedrum.com/news/2012/11/20/sally-bercow-deletes-twitter-account
64568,Beware of errant online retailers,"('Beware of errant online retailers', 'the straits times', '2017-01-20')","('Beware of errant online retailers', 'the straits times', '2017-01-20')",1-r->1-r,1-r,1-r,Deceptive & Fraudulent Behavior_Fraud,Fraud,Carousell,https://www.straitstimes.com/singapore/courts-crime/buying-something-online-beware-e-commerce-scams-crime-prevention-campaign-to
60762,Beware of fraudsters when booking a holiday online,"('Beware of fraudsters when booking a holiday online', 'the hindustan times', '2010-07-06')","('Beware of fraudsters when booking a holiday online', 'the hindustan times', '2010-07-06')",n-r->n-r,n-r,n-r,Deceptive & Fraudulent Behavior_Fraud,,Online,https://www.theguardian.com/money/2010/jul/06/holiday-internet-booking-scams
17202,Blogger erases comment after minister sends lawyer's letter,"('Blogger erases comment after minister sends lawyer's letter', 'the straits times', '2012-02-15')","('Blogger erases comment after minister sends lawyer's letter', 'the straits times', '2012-02-15')",1-i->1-i,1-i,1-i,Deceptive & Fraudulent Behavior_Defamation,Legal Action,Online,https://ifonlysingaporeans.blogspot.com/2012/02/blogger-erases-comment-after-minister.html
27928,Can't malign judicial officers online: Bench,"('Can't malign judicial officers online: Bench', 'the hindustan times', '2023-05-31')","('Can't malign judicial officers online: Bench', 'the hindustan times', '2023-05-31')",1-r->1-i,1-r,1-i,Deceptive & Fraudulent Behavior_Defamation,Legal Action,Social Media,https://www.dailypioneer.com/2023/india/one-can---t-malign-judicial-officers-by-using-social-media--says-sc.html
27046,Check the WhatsApp messages that made woman lose Rs 27 lakh in 'YouTube like' scam,"('Check the WhatsApp messages that made woman lose Rs 27 lakh in 'YouTube like' scam', 'the times of india', '2023-04-27')","('Check the WhatsApp messages that made woman lose Rs 27 lakh in 'YouTube like' scam', 'the times of india', '2023-04-27')",n-r->1-r,n-r,1-r,Deceptive & Fraudulent Behavior_Fraud,Fraud,Whatsapp,https://timesofindia.indiatimes.com/gadgets-news/check-the-whatsapp-messages-that-made-woman-lose-rs-27-lakh-in-youtube-like-scam/articleshow/99779802.cms
14678,"Clamp down on social media, demand MPs","('Clamp down on social media, demand MPs', 'the times of india', '2013-02-28')","('Clamp down on social media, demand MPs', 'the times of india', '2013-02-28')",1-r->1-i,1-r,1-i,Deceptive & Fraudulent Behavior_Impersonation,,Facebook,https://timesofindia.indiatimes.com/social/clamp-down-on-social-media-demand-mps/articleshow/18718544.cms
43523,Communal tension erupts after offensive Facebook post on Hindu deities,"('Communal tension erupts after offensive Facebook post on Hindu deities', 'the times of india', '2017-04-07')","('Communal tension erupts after offensive Facebook post on Hindu deities', 'the times of india', '2017-04-07')",1-r->1-i,1-r,1-i,Deceptive & Fraudulent Behavior_Defamation,"Violent Behavior, Legal Action",Facebook,https://timesofindia.indiatimes.com/city/bhubaneswar/communal-tension-erupts-after-offensive-facebook-post-on-hindu-deities/articleshow/58053042.cms
58050,Cops nab man for online fraud,"('Cops nab man for online fraud', 'the times of india', '2019-06-29')","('Cops nab man for online fraud', 'the times of india', '2019-06-29')",1-r->n-r,1-r,n-r,Deceptive & Fraudulent Behavior_Fraud,Legal Action,Shopping portal,https://timesofindia.indiatimes.com/city/ahmedabad/cops-nab-man-for-online-fraud/articleshow/69981624.cms
3532,Cops warn online buyers of rising OLX fraud cases,"('Cops warn online buyers of rising OLX fraud cases', 'the times of india', '2018-06-11')","('Cops warn online buyers of rising OLX fraud cases', 'the times of india', '2018-06-11')",n-r->n-r,n-r,n-r,Deceptive & Fraudulent Behavior_Fraud,Legal Action,OLX,https://timesofindia.indiatimes.com/city/hyderabad/cops-warn-online-buyers-of-rising-olx-fraud-cases/articleshow/64534797.cms
36184,"Coronavirus outbreak: Don't post derogatory remarks against state government on social media, IMA Maharashtra tells doctors","('Coronavirus outbreak: Don't post derogatory remarks against state government on social media, IMA Maharashtra tells doctors', 'the hindustan times', '2020-04-21')","('Coronavirus outbreak: Don't post derogatory remarks against state government on social media, IMA Maharashtra tells doctors', 'the hindustan times', '2020-04-21')",n-r->n-r,n-r,n-r,Deceptive & Fraudulent Behavior_Defamation,Protective Measures,Whatsapp,https://www.hindustantimes.com/mumbai-news/coronavirus-outbreak-don-t-post-derogatory-remarks-against-state-government-on-social-media-ima-maharashtra-tells-doctors/story-GATTdb9Wtauycori76vq6M.html
45723,Couple used social media to rob people,"('Couple used social media to rob people', 'the times of india', '2016-12-26')","('Couple used social media to rob people', 'the times of india', '2016-12-26')",n-r->1-r,n-r,1-r,Deceptive & Fraudulent Behavior_Fraud,Legal Action,Facebook,https://timesofindia.indiatimes.com/city/hyderabad/couple-used-social-media-to-rob-people/articleshow/56163831.cms
27411,Dehradun man loses Rs 8.7 lakh in YouTube channel scam,"('Dehradun man loses Rs 8.7 lakh in YouTube channel scam', 'the times of india', '2023-04-29')","('Dehradun man loses Rs 8.7 lakh in YouTube channel scam', 'the times of india', '2023-04-29')",1-r->1-r,1-r,1-r,Deceptive & Fraudulent Behavior_Fraud,"Fraud, Legal Action",Telegram,https://timesofindia.indiatimes.com/city/dehradun/dehradun-man-loses-rs-8-7-lakh-in-youtube-channel-scam/articleshow/99828788.cms
35779,Dickson Yeo and spying in the time of social networking,"('Dickson Yeo and spying in the time of social networking', 'the straits times', '2020-08-03')","('Dickson Yeo and spying in the time of social networking', 'the straits times', '2020-08-03')",1-r->1-i,1-r,1-i,Deceptive & Fraudulent Behavior_Impersonation,,Linkedin,https://www.straitstimes.com/singapore/spying-in-the-time-of-social-networking
55401,Doctor's Defamation Suit Highlights Online Patient Reviews; Case involving a Chicago woman is scheduled to go to trial next year,"('Doctor's Defamation Suit Highlights Online Patient Reviews; Case involving a Chicago woman is scheduled to go to trial next year', 'wall street journal', '2017-09-19')","('Doctor's Defamation Suit Highlights Online Patient Reviews; Case involving a Chicago woman is scheduled to go to trial next year', 'wall street journal', '2017-09-19')",1-r->1-r,1-r,1-r,Deceptive & Fraudulent Behavior_Defamation,Legal Action,RealSelf,https://www.wsj.com/articles/doctors-defamation-suit-highlights-online-patient-reviews-1505859521
58600,Domestic worker hired online flees with cash in Gurugram's DLF Phase II,"('Domestic worker hired online flees with cash in Gurugram's DLF Phase II', 'the hindustan times', '2022-09-26')","('Domestic worker hired online flees with cash in Gurugram's DLF Phase II', 'the hindustan times', '2022-09-26')",1-r->1-r,1-r,1-r,Deceptive & Fraudulent Behavior_Fraud,Legal Action,Online,https://inshorts.com/en/news/domestic-help-hired-online-in-ggram-locks-employer-runs-away-with-cash-1664180593395
65516,Don't fall victim to online shopping fraud this season,"('Don't fall victim to online shopping fraud this season', 'chicago tribune', '2016-12-11')","('Don't fall victim to online shopping fraud this season', 'chicago tribune', '2016-12-11')",1-i->1-r,1-i,1-r,Deceptive & Fraudulent Behavior_Fraud,,Online,https://digitaledition.chicagotribune.com/tribune/article_popover.aspx?guid=49c63371-b0ea-4116-ae2a-2b82ceafe677
40492,ED attaches rRs.r1.77 crore in bank accounts linked to Rana Ayyub,"('ED attaches rRs.r1.77 crore in bank accounts linked to Rana Ayyub', 'the hindustan times', '2022-02-10')","('ED attaches rRs.r1.77 crore in bank accounts linked to Rana Ayyub', 'the hindustan times', '2022-02-10')",1-i->n-r,1-i,n-r,Deceptive & Fraudulent Behavior_Fraud,Legal Action,Ketto,https://www.hindustantimes.com/india-news/ed-attaches-rs-1-77-crore-in-bank-accounts-linked-to-rana-ayyub-101644515375855.html
40010,Engg student alleges rape by social media friend,"('Engg student alleges rape by social media friend', 'the times of india', '2022-06-02')","('Engg student alleges rape by social media friend', 'the times of india', '2022-06-02')",1-r->1-r,1-r,1-r,Deceptive & Fraudulent Behavior_Fraud,Violent Behavior,Social Media,https://timesofindia.indiatimes.com/city/surat/engg-student-alleges-rape-by-social-media-friend/articleshow/91927904.cms
60461,Engineer duped of lakhs in Rs 12cr online fraud,"('Engineer duped of lakhs in Rs 12cr online fraud', 'the times of india', '2011-11-18')","('Engineer duped of lakhs in Rs 12cr online fraud', 'the times of india', '2011-11-18')",1-r->1-r,1-r,1-r,Deceptive & Fraudulent Behavior_Fraud,Legal Action,Email,https://timesofindia.indiatimes.com/city/delhi/engineer-duped-of-lakhs-in-rs-12cr-online-fraud/articleshow/10762961.cms
49375,Everyone'stealing jokes online. Why doesn't anyone care? (Posted 2015-01-27 17:36:17),"('Everyone'stealing jokes online. Why doesn't anyone care? (Posted 2015-01-27 17:36:17)', 'the washington post', '2015-01-01')","('Everyone'stealing jokes online. Why doesn't anyone care? (Posted 2015-01-27 17:36:17)', 'the washington post', '2015-01-01')",n-r->1-r,n-r,1-r,Deceptive & Fraudulent Behavior_Intellectual Property,,Twitter,https://www.washingtonpost.com/posteverything/wp/2015/01/27/everyones-stealing-jokes-online-why-doesnt-anyone-care/
27569,Ex-BJP IT wing chief stopped from posting hate comments against Tamil Nadu minister,"('Ex-BJP IT wing chief stopped from posting hate comments against Tamil Nadu minister', 'the hindustan times', '2023-04-13')","('Ex-BJP IT wing chief stopped from posting hate comments against Tamil Nadu minister', 'the hindustan times', '2023-04-13')",1-i->1-i,1-i,1-i,Deceptive & Fraudulent Behavior_Defamation,Legal Action,Twitter,https://www.hindustantimes.com/india-news/madras-high-court-restrains-former-bjp-it-wing-chief-from-making-defamatory-comments-against-electricity-minister-tamilnadu-aiadmk-bjp-defamation-101681327335562.html
62230,Ex-serviceman loses Rs 3.7L in online power bill fraud,"('Ex-serviceman loses Rs 3.7L in online power bill fraud', 'the times of india', '2023-06-13')","('Ex-serviceman loses Rs 3.7L in online power bill fraud', 'the times of india', '2023-06-13')",n-r->1-r,n-r,1-r,Deceptive & Fraudulent Behavior_Fraud,Fraud,Message,https://timesofindia.indiatimes.com/city/pune/ex-serviceman-loses-rs-3-7l-in-online-power-bill-fraud/articleshow/100950133.cms
63537,"Feds charge three men, including two former White Sox staffers, in online ticket scam that caused team to lose $1 million","('Feds charge three men, including two former White Sox staffers, in online ticket scam that caused team to lose $1 million', 'chicago tribune', '2020-02-01')","('Feds charge three men, including two former White Sox staffers, in online ticket scam that caused team to lose $1 million', 'chicago tribune', '2020-02-01')",n-r->n-r,n-r,n-r,Deceptive & Fraudulent Behavior_Fraud,Legal Action,Online Resale Platform,https://www.chicagotribune.com/2020/01/31/feds-charge-three-men-including-two-former-white-sox-staffers-in-online-ticket-scam-that-caused-team-to-lose-1-million/
45133,Fireman kills woman in Chennai over her relationship with Facebook friend,"('Fireman kills woman in Chennai over her relationship with Facebook friend', 'the times of india', '2017-05-10')","('Fireman kills woman in Chennai over her relationship with Facebook friend', 'the times of india', '2017-05-10')",1-r->1-r,1-r,1-r,Deceptive & Fraudulent Behavior_Fraud,Death,Facebook,https://timesofindia.indiatimes.com/city/chennai/fireman-kills-woman-in-chennai-over-her-relationship-with-facebook-friend/articleshow/58588120.cms
21289,"G2: Welcome to the first e-election: Spoof posters of Cameron and Brown, irreverant blogs, amateur websites calling MPs to account . . . Will this election be dominated by the online pundits?","('G2: Welcome to the first e-election: Spoof posters of Cameron and Brown, irreverant blogs, amateur websites calling MPs to account . . . Will this election be dominated by the online pundits?', 'the guardian', '2010-03-17')","('G2: Welcome to the first e-election: Spoof posters of Cameron and Brown, irreverant blogs, amateur websites calling MPs to account . . . Will this election be dominated by the online pundits?', 'the guardian', '2010-03-17')",n-r->1-i,n-r,1-i,Deceptive & Fraudulent Behavior_Defamation,,Online,https://www.theguardian.com/politics/2010/mar/17/labour-conservatives-general-election-online
63844,"Gang running 'CIA' website busted, 4 held","('Gang running 'CIA' website busted, 4 held', 'the times of india', '2022-06-02')","('Gang running 'CIA' website busted, 4 held', 'the times of india', '2022-06-02')",n-r->1-i,n-r,1-i,Deceptive & Fraudulent Behavior_Impersonation,Fraud,Online,https://timesofindia.indiatimes.com/city/varanasi/gang-running-cia-website-busted-posed-as-sog-cops/articleshow/91953051.cms
50370,Gene Marks: Your employees are now officially allowed to complain about your business on Twitter,"('Gene Marks: Your employees are now officially allowed to complain about your business on Twitter', 'the washington post', '2016-08-23')","('Gene Marks: Your employees are now officially allowed to complain about your business on Twitter', 'the washington post', '2016-08-23')",1-r->1-i,1-r,1-i,Deceptive & Fraudulent Behavior_Defamation,"Restricted from job/school, Legistlation",Twitter,https://www.washingtonpost.com/news/on-small-business/wp/2016/08/23/gene-marks-your-employees-are-now-officially-allowed-to-complain-about-your-business-on-twitter/
14214,Half of children lying about their age online,"('Half of children lying about their age online', 'irish examiner', '2014-06-21')","('Half of children lying about their age online', 'irish examiner', '2014-06-21')",1-r->S,1-r,S,Deceptive & Fraudulent Behavior_Impersonation,,Online,https://www.irishexaminer.com/news/arid-20272814.html
2155,How Pakistan ISI used Facebook likes and comments to honey-trap a BSF jawan,"('How Pakistan ISI used Facebook likes and comments to honey-trap a BSF jawan', 'the hindustan times', '2018-09-21')","('How Pakistan ISI used Facebook likes and comments to honey-trap a BSF jawan', 'the hindustan times', '2018-09-21')",1-r->1-r,1-r,1-r,Deceptive & Fraudulent Behavior_Impersonation,Fraud,Facebook  ,https://www.hindustantimes.com/india-news/facebook-id-used-to-trap-bsf-jawan-has-90-indian-on-friend-list-investigators/story-JHmeCp9k10JIFp7wQWAAHO.html
53694,How Russian Trolls Crept Into the Trump Campaign’s Facebook Messages,"('How Russian Trolls Crept Into the Trump Campaign’s Facebook Messages', 'new york times', '2018-03-08')","('How Russian Trolls Crept Into the Trump Campaign’s Facebook Messages', 'new york times', '2018-03-08')",1-r->1-i,1-r,1-i,Deceptive & Fraudulent Behavior_Impersonation,,Facebook,https://www.nytimes.com/2018/03/08/us/politics/russian-trolls-trump-campaign-florida-matt-skiber.html
61269,Hundreds of credit card owners hit by online scam,"('Hundreds of credit card owners hit by online scam', 'irish examiner', '2008-08-08')","('Hundreds of credit card owners hit by online scam', 'irish examiner', '2008-08-08')",n-r->n-r,n-r,n-r,Deceptive & Fraudulent Behavior_Cybersecurity,,Online,https://www.rte.ie/news/business/2008/0808/106763-credit-business/
3830,IAF warns about fake social media accounts of Abhinandan,"('IAF warns about fake social media accounts of Abhinandan', 'the times of india', '2019-03-07')","('IAF warns about fake social media accounts of Abhinandan', 'the times of india', '2019-03-07')",n-r->1-i,n-r,1-i,Deceptive & Fraudulent Behavior_Impersonation,,Social Media,https://timesofindia.indiatimes.com/india/iaf-warns-about-fake-social-media-accounts-of-abhinandan/articleshow/68289062.cms
58207,"IAS officer B Chandrakala finds LinkedIn account running in her name, goes to police","('IAS officer B Chandrakala finds LinkedIn account running in her name, goes to police', 'the times of india', '2019-02-22')","('IAS officer B Chandrakala finds LinkedIn account running in her name, goes to police', 'the times of india', '2019-02-22')",1-r->1-i,1-r,1-i,Deceptive & Fraudulent Behavior_Impersonation,Legal Action,Linkedin,https://timesofindia.indiatimes.com/city/noida/ias-officer-b-chandrakala-finds-linkedin-account-running-in-her-name-goes-to-police/articleshow/68087380.cms
44987,"Impostor creates fake Snapchat a/c of girl, posts explicit photos","('Impostor creates fake Snapchat a/c of girl, posts explicit photos', 'the times of india', '2017-02-15')","('Impostor creates fake Snapchat a/c of girl, posts explicit photos', 'the times of india', '2017-02-15')",1-r->1-r,1-r,1-r,Deceptive & Fraudulent Behavior_Impersonation,Legal Action,Snapchat,https://timesofindia.indiatimes.com/city/gurgaon/impostor-creates-fake-snapchat-a/c-of-girl-posts-explicit-photos/articleshow/57135541.cms
16627,"In ‘Battle’ With Media, a New Tactic in Ecuador","('In ‘Battle’ With Media, a New Tactic in Ecuador', 'new york times', '2012-03-12')","('In ‘Battle’ With Media, a New Tactic in Ecuador', 'new york times', '2012-03-12')",n-r->1-i,n-r,1-i,Deceptive & Fraudulent Behavior_Defamation,Legal Action,News,https://www.nytimes.com/2012/03/13/world/americas/ecuadorean-president-says-he-will-keep-pressure-on-media.html
64157,"In HSRP rush, vehicle owners fall prey to booking fraud on the web","('In HSRP rush, vehicle owners fall prey to booking fraud on the web', 'the times of india', '2021-11-16')","('In HSRP rush, vehicle owners fall prey to booking fraud on the web', 'the times of india', '2021-11-16')",1-i->n-r,1-i,n-r,Deceptive & Fraudulent Behavior_Fraud,Legal Action,Online,https://timesofindia.indiatimes.com/city/noida/in-hsrp-rush-vehicle-owners-fall-prey-to-booking-fraud-on-the-web/articleshow/87705070.cms
14224,Internet defamation: who is legally responsible for online comments?,"('Internet defamation: who is legally responsible for online comments?', 'irish examiner', '2014-04-23')","('Internet defamation: who is legally responsible for online comments?', 'irish examiner', '2014-04-23')",1-r->1-r,1-r,1-r,Deceptive & Fraudulent Behavior_Defamation,Legal Action,"Youtube, Delphi, Blogger",https://www.irishexaminer.com/opinion/commentanalysis/arid-20266171.html
39517,Internet troll fined for defamation against Lee Jun-ho,"('Internet troll fined for defamation against Lee Jun-ho', 'the korea times', '2023-07-29')","('Internet troll fined for defamation against Lee Jun-ho', 'the korea times', '2023-07-29')",1-r->1-i,1-r,1-i,Deceptive & Fraudulent Behavior_Defamation,Legal Action,Social Media,https://www.koreatimes.co.kr/entertainment/20230729/internet-troll-fined-for-defamation-against-lee-jun-ho
156,Irish Examiner view: Online vitriol,"('Irish Examiner view: Online vitriol', 'irish examiner', '2022-10-14')","('Irish Examiner view: Online vitriol', 'irish examiner', '2022-10-14')",1-i->n-r,1-i,n-r,Deceptive & Fraudulent Behavior_Defamation,Legal Action,Social Media,https://www.irishexaminer.com/opinion/ourview/arid-40983347.html
39418,Joe Jonas and Sophie Turner’s divorce is making the media ask the worst questions,"('Joe Jonas and Sophie Turner’s divorce is making the media ask the worst questions', 'the guardian', '2023-09-09')","('Joe Jonas and Sophie Turner’s divorce is making the media ask the worst questions', 'the guardian', '2023-09-09')",n-r->1-i,n-r,1-i,Deceptive & Fraudulent Behavior_Defamation,,Online,https://www.theguardian.com/commentisfree/2023/sep/09/joe-jonas-sophie-turner-divorce-tabloid-narrative
5024,"Karthik Subbaraj appalled at the leaks from Petta sets, requests fans not to share footage on social media","('Karthik Subbaraj appalled at the leaks from Petta sets, requests fans not to share footage on social media', 'the hindustan times', '2018-10-08')","('Karthik Subbaraj appalled at the leaks from Petta sets, requests fans not to share footage on social media', 'the hindustan times', '2018-10-08')",1-r->1-i,1-r,1-i,Deceptive & Fraudulent Behavior_Intellectual Property,,Online,https://www.hindustantimes.com/regional-movies/karthik-subbaraj-appalled-at-the-leaks-from-petta-sets-requests-fans-not-to-share-footage-on-social-media/story-9N4MRHqYIjZfkwIJtFWf5I.html
8613,Kol cops arrest Roddur Roy from Goa for abusive posts,"('Kol cops arrest Roddur Roy from Goa for abusive posts', 'the times of india', '2022-06-08')","('Kol cops arrest Roddur Roy from Goa for abusive posts', 'the times of india', '2022-06-08')",1-i->1-i,1-i,1-i,Deceptive & Fraudulent Behavior_Defamation,Legal Action,Social Media,https://timesofindia.indiatimes.com/city/kolkata/kolkata-cops-arrest-roddur-roy-from-goa-for-abusive-posts/articleshow/92070116.cms
41222,Kyle Rittenhouse launches initiative to fight media ‘lies’ – and Whoopi Goldberg,"('Kyle Rittenhouse launches initiative to fight media ‘lies’ – and Whoopi Goldberg', 'the guardian', '2022-02-22')","('Kyle Rittenhouse launches initiative to fight media ‘lies’ – and Whoopi Goldberg', 'the guardian', '2022-02-22')",1-i->1-i,1-i,1-i,Deceptive & Fraudulent Behavior_Defamation,Legal Action,Social Media,https://www.theguardian.com/us-news/2022/feb/22/kyle-rittenhouse-initiative-targets-media-whoopi-goldberg
15917,Lady Gaga Releases a New Song After It Leaks Online,"('Lady Gaga Releases a New Song After It Leaks Online', 'new york times', '2013-08-13')","('Lady Gaga Releases a New Song After It Leaks Online', 'new york times', '2013-08-13')",n-r->1-i,n-r,1-i,Deceptive & Fraudulent Behavior_Intellectual Property,Content Released,Online,https://archive.nytimes.com/artsbeat.blogs.nytimes.com/2013/08/13/lady-gaga-releases-a-new-song-after-it-leaks-online/
21277,Lohan lies go viral; truth is an afterthought,"('Lohan lies go viral; truth is an afterthought', 'the washington post', '2010-05-07')","('Lohan lies go viral; truth is an afterthought', 'the washington post', '2010-05-07')",n-r->1-i,n-r,1-i,Deceptive & Fraudulent Behavior_Defamation,Legal Action,"Twitter, Blog",https://www.washingtonpost.com/archive/style/2010/05/07/lohan-lies-go-viral/25517a70-9679-4499-84c7-6c276c22ffe3/
44346,Mahesh Babu's upcoming film's song leaked online,"('Mahesh Babu's upcoming film's song leaked online', 'the times of india', '2017-03-27')","('Mahesh Babu's upcoming film's song leaked online', 'the times of india', '2017-03-27')",1-r->n-r,1-r,n-r,Deceptive & Fraudulent Behavior_Intellectual Property,,Online,https://timesofindia.indiatimes.com/entertainment/telugu/movies/news/mahesh-babus-upcoming-films-song-leaked-online/articleshow/57840533.cms
40506,Man accused of killing girlfriend he met online,"('Man accused of killing girlfriend he met online', 'the daily telegraph', '2022-02-04')","('Man accused of killing girlfriend he met online', 'the daily telegraph', '2022-02-04')",1-r->1-r,1-r,1-r,Deceptive & Fraudulent Behavior_Fraud,Death,Dating app,https://www.telegraph.co.uk/news/2022/02/03/boyfriend-charged-alleged-murder-canadian-teenager-flew-uk-meet/
58154,Man arrested for posting mom-in-law's number online,"('Man arrested for posting mom-in-law's number online', 'the times of india', '2019-06-02')","('Man arrested for posting mom-in-law's number online', 'the times of india', '2019-06-02')",1-r->1-r,1-r,1-r,Deceptive & Fraudulent Behavior_Defamation,Legal Action,Online,https://timesofindia.indiatimes.com/city/hyderabad/man-arrested-for-posting-mom-in-laws-number-online/articleshow/69615226.cms
8769,Man Running Fake Twitter Accounts Of Army Officials Held,"('Man Running Fake Twitter Accounts Of Army Officials Held', 'the nation', '2022-05-26')","('Man Running Fake Twitter Accounts Of Army Officials Held', 'the nation', '2022-05-26')",1-r->n-r,1-r,n-r,Deceptive & Fraudulent Behavior_Impersonation,Legal Action,Twitter,https://www.nation.com.pk/26-May-2022/man-running-fake-twitter-accounts-of-army-officials-held
36303,Mastermind online fraudster nabbed by MP cyber cell,"('Mastermind online fraudster nabbed by MP cyber cell', 'the times of india', '2020-05-15')","('Mastermind online fraudster nabbed by MP cyber cell', 'the times of india', '2020-05-15')",1-r->n-r,1-r,n-r,Deceptive & Fraudulent Behavior_Impersonation,Fraud,Online Matrimonial Website,https://timesofindia.indiatimes.com/city/bhopal/mastermind-online-fraudster-nabbed-by-mp-cyber-cell/articleshow/75732234.cms
28918,"Mayor's fake profile created, probe underway","('Mayor's fake profile created, probe underway', 'the times of india', '2023-06-09')","('Mayor's fake profile created, probe underway', 'the times of india', '2023-06-09')",n-r->1-i,n-r,1-i,Deceptive & Fraudulent Behavior_Impersonation,Legal Action,Social Media,https://timesofindia.indiatimes.com/city/lucknow/mayors-fake-profile-created-probe-underway/articleshow/100836703.cms
2222,Memphis police accused of using fake accounts to surveil black activists,"('Memphis police accused of using fake accounts to surveil black activists', 'the guardian', '2018-08-01')","('Memphis police accused of using fake accounts to surveil black activists', 'the guardian', '2018-08-01')",1-r->n-r,1-r,n-r,Deceptive & Fraudulent Behavior_Impersonation,,Facebook,https://www.theguardian.com/us-news/2018/aug/01/memphis-police-black-lives-matter-activists
51073,MP threatens legal action against district collector for allegedly defaming him on social media,"('MP threatens legal action against district collector for allegedly defaming him on social media', 'the times of india', '2016-07-01')","('MP threatens legal action against district collector for allegedly defaming him on social media', 'the times of india', '2016-07-01')",1-i->1-i,1-i,1-i,Deceptive & Fraudulent Behavior_Defamation,Legal Action ,Whatsapp,https://timesofindia.indiatimes.com/mp-threatens-legal-action-against-district-collector-for-allegedly-defaming-him-on-social-media/articleshow/52990942.cms
37403,"MP, ex-MLA get notices for comments on AP HC verdicts","('MP, ex-MLA get notices for comments on AP HC verdicts', 'the times of india', '2020-05-27')","('MP, ex-MLA get notices for comments on AP HC verdicts', 'the times of india', '2020-05-27')",n-r->1-i,n-r,1-i,Deceptive & Fraudulent Behavior_Defamation,Legal Action,Twitter,https://timesofindia.indiatimes.com/city/vijayawada/mp-ex-mla-get-notices-for-comments-on-ap-hc-verdicts/articleshow/76024579.cms
26772,Mr Beast vs Mr Beast Burger: YouTuber's $10m lawsuit met with a $100 m counter-suit,"('Mr Beast vs Mr Beast Burger: YouTuber's $10m lawsuit met with a $100 m counter-suit', 'the hindustan times', '2023-08-08')","('Mr Beast vs Mr Beast Burger: YouTuber's $10m lawsuit met with a $100 m counter-suit', 'the hindustan times', '2023-08-08')",1-i->1-i,1-i,1-i,Deceptive & Fraudulent Behavior_Defamation,Legal Action,Twitter,https://www.hindustantimes.com/world-news/mr-beast-vs-mr-beast-burger-youtubers-10m-lawsuit-met-with-a-100-m-countersuit-101691481430587.html
48341,Mumbai: Obscene comments posted on social media against govt officer,"('Mumbai: Obscene comments posted on social media against govt officer', 'the hindustan times', '2015-05-25')","('Mumbai: Obscene comments posted on social media against govt officer', 'the hindustan times', '2015-05-25')",1-r->1-r,1-r,1-r,Deceptive & Fraudulent Behavior_Defamation,Legal Actioin,SNS,https://www.hindustantimes.com/mumbai/mumbai-obscene-comments-posted-on-social-media-against-govt-officer/story-yuoe27KftgypmTP58lj96M.html
56556,Murong Xuecun Says He Is Target of Twitter Smear Campaign,"('Murong Xuecun Says He Is Target of Twitter Smear Campaign', 'new york times', '2014-09-08')","('Murong Xuecun Says He Is Target of Twitter Smear Campaign', 'new york times', '2014-09-08')",n-r->1-i,n-r,1-i,Deceptive & Fraudulent Behavior_Defamation,,Twitter,https://archive.nytimes.com/sinosphere.blogs.nytimes.com/2014/09/08/murong-xuecun-says-he-is-target-of-twitter-smear-campaign/
2771,NCERT issues guidelines on cyberbullying,"('NCERT issues guidelines on cyberbullying', 'the times of india', '2018-05-03')","('NCERT issues guidelines on cyberbullying', 'the times of india', '2018-05-03')",1-r->1-i,1-r,1-i,Deceptive & Fraudulent Behavior_Intellectual Property,Remove Content,Facebook Live,https://timesofindia.indiatimes.com/india/ncert-issues-guidelines-on-cyberbullying/articleshow/64007762.cms
64393,Noida online fraud accused in ED judicial custody,"('Noida online fraud accused in ED judicial custody', 'the times of india', '2017-02-19')","('Noida online fraud accused in ED judicial custody', 'the times of india', '2017-02-19')",1-i->n-r,1-i,n-r,Deceptive & Fraudulent Behavior_Fraud,Legal Action,Social Trade Dot Bizz,https://timesofindia.indiatimes.com/city/lucknow/noida-online-fraud-accused-in-ed-judicial-custody/articleshow/57225350.cms
43883,"Office of another social media trade link firm sealed in Noida, police hunt for directors","('Office of another social media trade link firm sealed in Noida, police hunt for directors', 'the hindustan times', '2017-02-16')","('Office of another social media trade link firm sealed in Noida, police hunt for directors', 'the hindustan times', '2017-02-16')",1-i->n-r,1-i,n-r,Deceptive & Fraudulent Behavior_Fraud,Legal Action,Online,https://www.hindustantimes.com/delhi/office-of-another-social-media-trade-link-firm-sealed-in-noida-police-hunt-for-directors/story-QK5pZwUICiFOvy56KQ35aN.html
50939,One arrested for Facebook posts on Kateel goddess,"('One arrested for Facebook posts on Kateel goddess', 'the times of india', '2016-09-12')","('One arrested for Facebook posts on Kateel goddess', 'the times of india', '2016-09-12')",1-r->1-i,1-r,1-i,Deceptive & Fraudulent Behavior_Defamation,Legal Action,Facebook,https://timesofindia.indiatimes.com/city/mangaluru/one-arrested-for-facebook-posts-on-kateel-goddess/articleshow/54273082.cms
41850,Instagram tree-planting trend fools pet owners,"(‘One tree for every pet picture’ trend appears to mislead millions on Instagram, irish examiner, 2021-11-09)","(‘One tree for every pet picture’ trend appears to mislead millions on Instagram, irish examiner, 2021-11-09)",1-i->n-r,1-i,n-r,Deceptive & Fraudulent Behavior_Fraud,Fraud,Instagram,https://www.irishexaminer.com/business/technology/arid-40740843.html
56170,Online Chats Tie Politicians to the Troll of Staten Island,"('Online Chats Tie Politicians to the Troll of Staten Island', 'new york times', '2017-09-07')","('Online Chats Tie Politicians to the Troll of Staten Island', 'new york times', '2017-09-07')",1-i->1-i,1-i,1-i,Deceptive & Fraudulent Behavior_Impersonation,,Facebook,https://www.nytimes.com/2017/09/07/nyregion/staten-island-politics-facebook-troll.html
22712,Online Scammers Prey on the Jobless,"('Online Scammers Prey on the Jobless', 'new york times', '2009-08-05')","('Online Scammers Prey on the Jobless', 'new york times', '2009-08-05')",1-i->1-r,1-i,1-r,Deceptive & Fraudulent Behavior_Fraud,Fraud,Online,https://www.nytimes.com/2009/08/06/technology/personaltech/06basics.html
62416,"Panchkula: Assistant professor loses rRs.r43,800 to online reviews scam","('Panchkula: Assistant professor loses rRs.r43,800 to online reviews scam', 'the hindustan times', '2023-07-28')","('Panchkula: Assistant professor loses rRs.r43,800 to online reviews scam', 'the hindustan times', '2023-07-28')",1-r->1-r,1-r,1-r,Deceptive & Fraudulent Behavior_Fraud,"Fraud, Legal Action",Whatsapp,https://www.hindustantimes.com/cities/chandigarh-news/assistant-professor-loses-43-800-in-online-fraud-patiala-police-register-case-under-sections-419-420-120b-101690489477630.html
54100,Parents find fake Facebook account of daughter with stolen pic,"('Parents find fake Facebook account of daughter with stolen pic', 'the times of india', '2017-10-07')","('Parents find fake Facebook account of daughter with stolen pic', 'the times of india', '2017-10-07')",1-r->1-r,1-r,1-r,Deceptive & Fraudulent Behavior_Impersonation,Legal Action,Facebook,https://timesofindia.indiatimes.com/city/gurgaon/parents-find-fake-facebook-account-of-daughter-with-stolen-pic/articleshow/60977738.cms
59885,"Peeved, Farooq complains against fake Twitter account","('Peeved, Farooq complains against fake Twitter account', 'the times of india', '2012-02-27')","('Peeved, Farooq complains against fake Twitter account', 'the times of india', '2012-02-27')",n-r->1-i,n-r,1-i,Deceptive & Fraudulent Behavior_Impersonation,Legal Action,Twitter,https://timesofindia.indiatimes.com/city/delhi/peeved-farooq-complains-against-fake-twitter-account/articleshow/12039020.cms
40982,Peppa Pig owner sues studio behind Wolfoo YouTube character,"('Peppa Pig owner sues studio behind Wolfoo YouTube character', 'the guardian', '2022-01-26')","('Peppa Pig owner sues studio behind Wolfoo YouTube character', 'the guardian', '2022-01-26')",1-i->1-i,1-i,1-i,Deceptive & Fraudulent Behavior_Intellectual Property,Legal Action,Youtube,https://www.theguardian.com/business/2022/jan/26/peppa-pig-owner-sues-studio-behind-wolfoo-youtube-character
47111,PERSPECTIVE; CRITIC AT LARGE; Web trolls disrupt Europe festival; 'Satanist' posts force popular Unsound music event to change venues in Poland.,"('PERSPECTIVE; CRITIC AT LARGE; Web trolls disrupt Europe festival; 'Satanist' posts force popular Unsound music event to change venues in Poland.', 'los angeles times', '2015-10-15')","('PERSPECTIVE; CRITIC AT LARGE; Web trolls disrupt Europe festival; 'Satanist' posts force popular Unsound music event to change venues in Poland.', 'los angeles times', '2015-10-15')",1-r->1-i,1-r,1-i,Deceptive & Fraudulent Behavior_Defamation,Legal Action,Salon24,https://www.latimes.com/entertainment/music/posts/la-et-ms-unsound-festival-internet-troll-satanism-20151012-story.html
2334,Petition calls for 'execution' of YouTuber embroiled in sex abuse probe,"('Petition calls for 'execution' of YouTuber embroiled in sex abuse probe', 'the korea times', '2018-07-11')","('Petition calls for 'execution' of YouTuber embroiled in sex abuse probe', 'the korea times', '2018-07-11')",1-i->1-i,1-i,1-i,Deceptive & Fraudulent Behavior_Defamation,Death,Youtube,https://www.thefreelibrary.com/Petition+calls+for+%27execution%27+of+YouTuber+embroiled+in+sex+abuse...-a0546321886
59645,Planning to shop online? Beware of cyber frauds!,"('Planning to shop online? Beware of cyber frauds!', 'the times of india', '2013-07-14')","('Planning to shop online? Beware of cyber frauds!', 'the times of india', '2013-07-14')",1-i->1-r,1-i,1-r,Deceptive & Fraudulent Behavior_Fraud,Fraud,Online,https://timesofindia.indiatimes.com/city/chandigarh/planning-to-shop-online-beware-of-cyber-frauds/articleshow/21063423.cms
58297,Police alerts public to be vigilant when selling goods through online platforms,"('Police alerts public to be vigilant when selling goods through online platforms', 'the times of india', '2019-03-16')","('Police alerts public to be vigilant when selling goods through online platforms', 'the times of india', '2019-03-16')",1-r->n-r,1-r,n-r,Deceptive & Fraudulent Behavior_Fraud,"Fraud, Legal Action",Online,https://timesofindia.indiatimes.com/city/kozhikode/police-alerts-public-to-be-vigilant-when-selling-goods-through-online-platforms/articleshow/68424751.cms
64637,Police detain 203 for online lottery fraud in China,"('Police detain 203 for online lottery fraud in China', 'people's daily ', '2017-05-17')","('Police detain 203 for online lottery fraud in China', 'people's daily ', '2017-05-17')",1-r->1-r,1-r,1-r,Deceptive & Fraudulent Behavior_Fraud,Legal Action,"QQ, WeChat",https://www.chinadaily.com.cn/china/2017-05/17/content_29384252.htm
43985,Raid triggers conflicting stories,"('Raid triggers conflicting stories', 'the times of india', '2017-05-25')","('Raid triggers conflicting stories', 'the times of india', '2017-05-25')",n-r->1-r,n-r,1-r,Deceptive & Fraudulent Behavior_Defamation,,Online,https://timesofindia.indiatimes.com/city/kochi/raid-triggers-conflicting-stories/articleshow/58830374.cms
57267,Railway official cheated of rRs.r1 lakh in online fraud,"('Railway official cheated of rRs.r1 lakh in online fraud', 'the hindustan times', '2022-10-04')","('Railway official cheated of rRs.r1 lakh in online fraud', 'the hindustan times', '2022-10-04')",1-r->1-r,1-r,1-r,Deceptive & Fraudulent Behavior_Fraud,Legal Action,Online,https://www.hindustantimes.com/cities/lucknow-news/railway-official-cheated-of-rs-1-lakh-in-online-fraud-101664824425191.html
8889,Rakhi Sawant's ex-husband Ritesh denies hacking her social media accounts: 'I'll file defamation case against her',"('Rakhi Sawant's ex-husband Ritesh denies hacking her social media accounts: 'I'll file defamation case against her'', 'the hindustan times', '2022-06-13')","('Rakhi Sawant's ex-husband Ritesh denies hacking her social media accounts: 'I'll file defamation case against her'', 'the hindustan times', '2022-06-13')",1-i->1-i,1-i,1-i,Deceptive & Fraudulent Behavior_Defamation,Legal Action,Social Media,https://www.hindustantimes.com/entertainment/bollywood/rakhi-sawant-s-ex-husband-ritesh-denies-hacking-her-social-media-accounts-to-sue-her-for-defamation-101655124563229.html
65645,S.E.C. claims investment adviser puffed up his background on the web,"('S.E.C. claims investment adviser puffed up his background on the web', 'international new york times', '2016-03-10')","('S.E.C. claims investment adviser puffed up his background on the web', 'international new york times', '2016-03-10')",1-r->n-r,1-r,n-r,Deceptive & Fraudulent Behavior_Fraud,Legal Action ,Online,https://www.nytimes.com/2016/03/09/business/dealbook/sec-fraud-case-says-adviser-puffed-up-his-background-online.html
28235,Shark Tank India's Aman Gupta warns against fake boAt websites: 'Beware.',"('Shark Tank India's Aman Gupta warns against fake boAt websites: 'Beware.'', 'the hindustan times', '2023-02-21')","('Shark Tank India's Aman Gupta warns against fake boAt websites: 'Beware.'', 'the hindustan times', '2023-02-21')",1-i->n-r,1-i,n-r,Deceptive & Fraudulent Behavior_Fraud,Fraud,boAt,https://www.hindustantimes.com/technology/shark-tank-india-s-aman-gupta-warns-against-fake-boat-websites-beware-101676950099808.html
22266,Should Online Scofflaws Be Denied Web Access?,"('Should Online Scofflaws Be Denied Web Access?', 'new york times', '2009-04-12')","('Should Online Scofflaws Be Denied Web Access?', 'new york times', '2009-04-12')",n-r->1-i,n-r,1-i,Deceptive & Fraudulent Behavior_Intellectual Property,Legal Action,Online,https://www.nytimes.com/2009/04/13/technology/internet/13iht-piracy13.html
10554,SP workers protest as Lucknow police arrest party's Twitter account handler,"('SP workers protest as Lucknow police arrest party's Twitter account handler', 'the times of india', '2023-01-09')","('SP workers protest as Lucknow police arrest party's Twitter account handler', 'the times of india', '2023-01-09')",1-i->n-i,1-i,n-i,Deceptive & Fraudulent Behavior_Defamation,Legal Action,Twitter,https://timesofindia.indiatimes.com/city/lucknow/sp-workers-protest-as-lucknow-police-arrest-partys-twitter-account-handler/articleshow/96829633.cms
2404,Taking the SAT is hard enough. Then students learned the test's answers may have been leaked online,"('Taking the SAT is hard enough. Then students learned the test's answers may have been leaked online', 'los angeles times', '2018-08-27')","('Taking the SAT is hard enough. Then students learned the test's answers may have been leaked online', 'los angeles times', '2018-08-27')",n-r->n-r,n-r,n-r,Deceptive & Fraudulent Behavior_Intellectual Property,,Twitter,https://www.latimes.com/local/lanow/la-me-ln-sat-exam-leaked-20180827-story.html
60385,"Theft is theft, even online","('Theft is theft, even online', 'the washington post', '2011-12-11')","('Theft is theft, even online', 'the washington post', '2011-12-11')",n-r->n-r,n-r,n-r,Deceptive & Fraudulent Behavior_Intellectual Property,,Online,https://www.washingtonpost.com/opinions/property-thefton-the-webno-less-wrong/2011/12/09/gIQAFxgDjO_story.html
57275,"This is the third time, I have been robbed: Annu Kapoor, who was cheated of Rs 4.36 lakh in online fraud","('This is the third time, I have been robbed: Annu Kapoor, who was cheated of Rs 4.36 lakh in online fraud', 'the times of india', '2022-10-03')","('This is the third time, I have been robbed: Annu Kapoor, who was cheated of Rs 4.36 lakh in online fraud', 'the times of india', '2022-10-03')",1-r->1-r,1-r,1-r,Deceptive & Fraudulent Behavior_Fraud,,Online,https://timesofindia.indiatimes.com/tv/news/hindi/this-is-the-third-time-i-have-been-robbed-annu-kapoor-who-was-cheated-of-rs-4-36-lakh-in-online-fraud/articleshow/94597661.cms
47374,Twitter 'snooping requests' double,"('Twitter 'snooping requests' double', 'irish examiner', '2015-08-13')","('Twitter 'snooping requests' double', 'irish examiner', '2015-08-13')",n-r->n-r,n-r,n-r,Deceptive & Fraudulent Behavior_Defamation,Legal Action,Twitter,https://www.bbc.com/news/technology-33882688
57436,Twitter account claiming to be BSF jawan Tej Bahadur Yadav's is fake,"('Twitter account claiming to be BSF jawan Tej Bahadur Yadav's is fake', 'the times of india', '2018-08-29')","('Twitter account claiming to be BSF jawan Tej Bahadur Yadav's is fake', 'the times of india', '2018-08-29')",1-r->1-i,1-r,1-i,Deceptive & Fraudulent Behavior_Impersonation,,Twitter ,https://timesofindia.indiatimes.com/india/twitter-account-claiming-to-be-bsf-jawan-tej-bahadur-yadavs-is-fake/articleshow/65580296.cms
10339,Twitter page admin held for sharing budget meme,"('Twitter page admin held for sharing budget meme', 'the times of india', '2023-03-23')","('Twitter page admin held for sharing budget meme', 'the times of india', '2023-03-23')",1-r->n-r,1-r,n-r,Deceptive & Fraudulent Behavior_Defamation,Legal Action,Twitter,https://timesofindia.indiatimes.com/city/chennai/twitter-page-admin-held-for-sharing-budget-meme/articleshow/98928533.cms
17194,"Twitter sued in row over secret 'hate"" blog","('Twitter sued in row over secret 'hate"" blog', 'the daily telegraph', '2012-02-18')","('Twitter sued in row over secret 'hate"" blog', 'the daily telegraph', '2012-02-18')",S->1-r,S,1-r,Deceptive & Fraudulent Behavior_Defamation,Legal Action,Twitter,https://www.telegraph.co.uk/technology/twitter/9088278/Twitter-sued-by-Australian-man-defamed-in-row-over-secret-blog.html
62315,"Vivek Agnihotri asks Mamata Banerjee for withdrawal of her comments on The Kashmir Files, sends legal notice","('Vivek Agnihotri asks Mamata Banerjee for withdrawal of her comments on The Kashmir Files, sends legal notice', 'the hindustan times', '2023-05-09')","('Vivek Agnihotri asks Mamata Banerjee for withdrawal of her comments on The Kashmir Files, sends legal notice', 'the hindustan times', '2023-05-09')",1-i->1-i,1-i,1-i,Deceptive & Fraudulent Behavior_Defamation,Legal Action,Twitter,https://www.hindustantimes.com/entertainment/bollywood/vivek-agnihotri-asks-mamata-banerjee-for-withdrawal-of-her-comments-on-the-kashmir-files-sends-legal-notice-101683619677330.html
60911,Woman Allegedly Terrorized by Online Date; Three Stabbed in Annandale Nightclub Fight; Holiday Traffic Fatalities Decline,"('Woman Allegedly Terrorized by Online Date; Three Stabbed in Annandale Nightclub Fight; Holiday Traffic Fatalities Decline', 'the washington post', '2009-05-27')","('Woman Allegedly Terrorized by Online Date; Three Stabbed in Annandale Nightclub Fight; Holiday Traffic Fatalities Decline', 'the washington post', '2009-05-27')",1-r->1-r,1-r,1-r,Deceptive & Fraudulent Behavior_Fraud,Legal Action,Online,https://www.washingtonpost.com/archive/local/2009/05/27/woman-allegedly-terrorized-by-online-date-three-stabbed-in-annandale-nightclub-fight-holiday-traffic-fatalities-decline/843ece9c-3a49-4792-94b0-41a556394f06/?isMobile=1
37992,"Woman, 69, falls for gift con, loses Rs 6.6 lakh to fake Facebook friend","('Woman, 69, falls for gift con, loses Rs 6.6 lakh to fake Facebook friend', 'the times of india', '2020-03-22')","('Woman, 69, falls for gift con, loses Rs 6.6 lakh to fake Facebook friend', 'the times of india', '2020-03-22')",1-r->n-r,1-r,n-r,Deceptive & Fraudulent Behavior_Fraud,Legal Action,Facebook,https://timesofindia.indiatimes.com/city/chandigarh/woman-69-falls-for-gift-con-loses-rs-6-6-lakh-to-fake-facebook-friend/articleshow/74741463.cms
12932,YouTube becomes hotbed of pirated videos,"('YouTube becomes hotbed of pirated videos', 'the korea times', '2019-09-01')","('YouTube becomes hotbed of pirated videos', 'the korea times', '2019-09-01')",n-r->n-r,n-r,n-r,Deceptive & Fraudulent Behavior_Intellectual Property,Content Removal,Youtube,https://www.koreatimes.co.kr/amp/entertainment/shows-dramas/20190901/pirated-contents-increasing-on-youtube-data
50542,Youtube takes down Shirish Kunder's debut short film 'Kriti',"('Youtube takes down Shirish Kunder's debut short film 'Kriti'', 'the times of india', '2016-07-01')","('Youtube takes down Shirish Kunder's debut short film 'Kriti'', 'the times of india', '2016-07-01')",1-i->1-i,1-i,1-i,Deceptive & Fraudulent Behavior_Intellectual Property,,Youtube,https://mumbaimirror.indiatimes.com/entertainment/bollywood/youtube-takes-down-shirishs-debut-short/articleshow/52982535.cms
63939,Gurugram: Woman duped of rRs.r3.50 lakh online,"(37-year-old Pune woman duped of rRs.r62 lakh by online matrimonial match, the hindustan times, 2022-01-16), (62-year-old Pune woman duped of rRs.r4.4 lakh by online friend, the hindustan times, 2021-11-08)","(37-year-old Pune woman duped of rRs.r62 lakh by online matrimonial match, the hindustan times, 2022-01-16)",1-r->1-r,1-r,1-r,Deceptive & Fraudulent Behavior_Fraud,Fraud,Online dating,https://www.hindustantimes.com/cities/pune-news/37yearold-pune-woman-duped-of-62-lakh-by-online-matrimonial-match-101642330708442.html
37173,Swathi Reddy lashes out at her fake Twitter account holder; wishes to go back to the 90s,"(Actress Swathi upset by fake social media accounts!, the times of india, 2020-05-07), (Chahatt Khanna blasts trolls slamming her for being a single mother, claims to be depressed before going off Instagram, the hindustan times, 2020-05-07), (Actress Dharsha Gupta informs fans about fake social media accounts using her name, the times of india, 2020-05-08), (Chahatt Khanna lashes out at trolls for calling her a single mother; says she is depressed before signing off Instagram, the times of india, 2020-05-09), (TV host-turned-actress Swati Reddy shares screenshot of an online impostor; says,""tired of fake, take me back to 90s', the times of india, 2020-05-06)","(Actress Swathi upset by fake social media accounts!, the times of india, 2020-05-07)",n-r->1-i,n-r,1-i,Deceptive & Fraudulent Behavior_Impersonation,,"Twitter, Facebook",https://timesofindia.indiatimes.com/entertainment/tamil/movies/news/actress-swathi-upset-by-fake-social-media-accounts/articleshow/75568948.cms
62036,Calling 'rogue diallers' to account,"(Calling 'rogue diallers' to account, the guardian, 2004-07-10)","(Calling 'rogue diallers' to account, the guardian, 2004-07-10)",1-i->n-r,1-i,n-r,Deceptive & Fraudulent Behavior_Fraud,,Online,https://www.theguardian.com/money/2004/jul/10/scamsandfraud.jobsandmoney1
39996,YouTuber arrested for swindling Rs 36L,"(Chennai: YouTuber arrested for swindling Rs 36 lakh, the times of india, 2022-06-01)","(Chennai: YouTuber arrested for swindling Rs 36 lakh, the times of india, 2022-06-01)",1-i->n-r,1-i,n-r,Deceptive & Fraudulent Behavior_Fraud,"Fraud, Legal Action",Youtube,https://timesofindia.indiatimes.com/city/chennai/chennai-youtuber-arrested-for-swindling-rs-36-lakh/articleshow/91901578.cms
12838,Isro warns against social media accounts in its chief's name,"(Fake accounts in Sivan's name: Isro warns action, the times of india, 2019-09-10), (Isro warns against social media accounts in its chairman's name, the times of india, 2019-09-10)","(Fake accounts in Sivan's name: Isro warns action, the times of india, 2019-09-10)",n-r->1-i,n-r,1-i,Deceptive & Fraudulent Behavior_Impersonation,Misinformation led to action,Twitter,https://timesofindia.indiatimes.com/times-fact-check/news/alert-fake-twitter-accounts-in-the-name-of-isro-chief-k-sivan-on-the-rise/articleshow/71042559.cms
63775,Duo lose over Rs 20L in online task frauds,"(Fitness trainer loses Rs 11L in online fraud, the times of india, 2023-07-26)","(Fitness trainer loses Rs 11L in online fraud, the times of india, 2023-07-26)",1-r->1-r,1-r,1-r,Deceptive & Fraudulent Behavior_Fraud,Legal Action,Online,https://timesofindia.indiatimes.com/city/pune/fitness-trainer-loses-rs-11-lakh-in-online-fraud/articleshow/102120681.cms
5367,Facebook's terrible idea,"(Media companies scramble after judge rules they are liable for Facebook comments, the guardian, 2019-06-25), (They turn to Facebook and YouTube to find a cure for cancer — and get sucked into a world of bogus medicine, the washington post, 2019-06-25)","(Media companies scramble after judge rules they are liable for Facebook comments, the guardian, 2019-06-25)",1-i->1-r,1-i,1-r,Deceptive & Fraudulent Behavior_Defamation,Legal Action,Facebook,https://www.theguardian.com/technology/2019/jun/25/media-companies-scramble-after-judge-rules-they-are-liable-for-facebook-comments
60644,Sudhir Mishra's 'Tera Kya Hoga Johnny' leaked on web,"(Mishra confident online leak won't harm 'Tera Kya Hoga Johnny', the hindustan times, 2010-01-21)","(Mishra confident online leak won't harm 'Tera Kya Hoga Johnny', the hindustan times, 2010-01-21)",n-r->1-i,n-r,1-i,Deceptive & Fraudulent Behavior_Intellectual Property,,Online,https://www.hindustantimes.com/entertainment/online-leak-won-t-harm-tera-kya-hoga-johnny-mishra/story-aKM85NFEX8cSMeFbYqltCI.html
63570,Army man' cons woman of Rs 14k in online furniture deal,"(Mumbai: 'Army man' cons woman of Rs 14,000 in online furniture deal, the times of india, 2020-02-09)","(Mumbai: 'Army man' cons woman of Rs 14,000 in online furniture deal, the times of india, 2020-02-09)",1-r->1-r,1-r,1-r,Deceptive & Fraudulent Behavior_Fraud,Legal Action,WhatsApp,https://timesofindia.indiatimes.com/city/mumbai/mumbai-army-man-cons-woman-of-rs-14000-in-online-furniture-deal/articleshow/74022193.cms
39907,Online 'friend' dupes Moshi woman of `16.6L,"(Online 'friend' dupes Pune woman of Rs 16.6 lakh, the times of india, 2023-09-13)","(Online 'friend' dupes Pune woman of Rs 16.6 lakh, the times of india, 2023-09-13)",1-r->1-r,1-r,1-r,Deceptive & Fraudulent Behavior_Fraud,Legal Action,Social Media,https://timesofindia.indiatimes.com/city/pune/online-friend-dupes-moshi-woman-of-16-6l/articleshow/103593429.cms
39100,Payal Rohatgi detained by Rajasthan Police for objectionable comment on Jawaharlal Nehru,"(Payal Rohatgi's bail rejected over social media posts, sent to jail for 8 days, the hindustan times, 2019-12-16), (Payal Rohatgi released on bail in objectionable comments case, the hindustan times, 2019-12-17), (Payal Rohatgi sent to jail for nine days for Nehru posts, the times of india, 2019-12-17)","(Payal Rohatgi's bail rejected over social media posts, sent to jail for 8 days, the hindustan times, 2019-12-16)",1-i->1-i,1-i,1-i,Deceptive & Fraudulent Behavior_Defamation,Legal Action,"Facebook, Twitter, Instagram",https://www.hindustantimes.com/bollywood/payal-rohatgi-s-bail-rejected-over-social-media-posts-sent-to-jail-for-8-days/story-zEX3XaZansRD5st6eBsLfI.html
1437,Russian trolls are still using the anthem controversy to sow division on social media,"(Russian trolls' tweets cited in more than 100 UK news articles, the guardian, 2018-09-10)","(Russian trolls' tweets cited in more than 100 UK news articles, the guardian, 2018-09-10)",1-r->n-r,1-r,n-r,Deceptive & Fraudulent Behavior_Impersonation,,Twitter,https://www.theguardian.com/media/2018/sep/10/russian-trolls-tweets-cited-in-more-than-100-uk-news-articles
53326,"Section of electronic media has crossed the line, says Supreme Court","(SC: Section of electronic media has crossed the line, the times of india, 2018-03-16)","(SC: Section of electronic media has crossed the line, the times of india, 2018-03-16)",n-r->1-i,n-r,1-i,Deceptive & Fraudulent Behavior_Defamation,,Online,https://timesofindia.indiatimes.com/india/section-of-electronic-media-has-crossed-the-line-says-supreme-court/articleshow/63324298.cms
1118,Scary that you can be swindled online in less than 5 mins: Mahekk,"(Scary that you can be swindled online in less than 5 mins: Mahekk Chahal, the times of india, 2022-07-17), (Scary that you can be swindled online in less than 5 min: Mahekk, the times of india, 2022-07-16)","(Scary that you can be swindled online in less than 5 mins: Mahekk Chahal, the times of india, 2022-07-17)",1-r->1-i,1-r,1-i,Deceptive & Fraudulent Behavior_Fraud,Legal Action,Online,https://timesofindia.indiatimes.com/tv/news/hindi/mahekk-chahal-it-is-scary-that-you-can-be-swindled-online-in-less-than-5-minutes-says-naagin-6-actress-mahekk-chahal-who-lost-49000-to-an-online-fraud/articleshow/92870973.cms
15142,Man posed as his wife online to lure woman into his bed,"(Sex predator posed as his wife online to lure woman into his bed, the daily telegraph, 2013-01-08)","(Sex predator posed as his wife online to lure woman into his bed, the daily telegraph, 2013-01-08)",1-r->1-r,1-r,1-r,Deceptive & Fraudulent Behavior_Impersonation,Violent Behavior,Badoo,https://www.telegraph.co.uk/news/uknews/crime/9786393/Man-posed-as-woman-online-before-raping-victim.html
23578,Some Media Companies Choose to Profit From Pirated YouTube Clips,"(Some media companies choose to profit from pirated YouTube clips, new york times, 2008-08-17)","(Some media companies choose to profit from pirated YouTube clips, new york times, 2008-08-17)",1-r->1-i,1-r,1-i,Deceptive & Fraudulent Behavior_Intellectual Property,Social Media policy change,Youtube,https://www.nytimes.com/2008/08/17/technology/17iht-16tube.15354521.html
64492,Sushma attacks Meira with her 2013 LS video,"(Swaraj attacks Meira with her 2013 LS video, the times of india, 2017-06-26)","(Swaraj attacks Meira with her 2013 LS video, the times of india, 2017-06-26)",1-i->1-i,1-i,1-i,Deceptive & Fraudulent Behavior_Defamation,,Twitter,https://www.onmanorama.com/in-depth/indian-president-election/2017/06/25/sushma-swaraj-posts-video-her-ls-speech-interrupted-meira-kumar.html
50511,Thai junta asks Google and YouTube to remove royal 'insults',"(Thai authorities launch online hunt for royal insults, dpa international (english), 2016-10-24)","(Thai authorities launch online hunt for royal insults, dpa international (english), 2016-10-24)",n-r->1-i,n-r,1-i,Deceptive & Fraudulent Behavior_Defamation,Remove Content,Google,https://www.bbc.com/news/world-asia-37738830
25011,The Court of Online Opinion Has Its Say on File Sharing,"(The Court of Online Opinion Has Its Say on File Sharing, new york times, 2005-06-20)","(The Court of Online Opinion Has Its Say on File Sharing, new york times, 2005-06-20)",1-i->n-r,1-i,n-r,Deceptive & Fraudulent Behavior_Intellectual Property,Legal Action,"Grokster, Streamcast",https://www.nytimes.com/2005/06/20/business/the-court-of-online-opinion-has-its-say-on-file-sharing.html
29025,‘It can be incredibly profitable’: the secret world of fake online reviews,"(Trade in fake reviews still ‘thriving’ on Facebook, says Which?, the guardian, 2023-04-21)","(Trade in fake reviews still ‘thriving’ on Facebook, says Which?, the guardian, 2023-04-21)",n-r->n-r,n-r,n-r,Deceptive & Fraudulent Behavior_Fraud,"Restriction on social media usage (content remove, ban, etc.)",Facebook,https://www.theguardian.com/money/2023/apr/21/trade-in-fake-reviews-still-thriving-on-facebook-says-which
16401,Millions of Fake Accounts Dog Twitter,"(Twitter Contends With Bogus Accounts, wall street journal, 2013-11-26)","(Twitter Contends With Bogus Accounts, wall street journal, 2013-11-26)",1-i->n-r,1-i,n-r,Deceptive & Fraudulent Behavior_Impersonation,platform reputation damage,Twitter,https://www.wsj.com/articles/bogus-accounts-dog-twitter-1385335134
13275,Twitter suspends 70 handles claiming to be of Army brass,"(Twitter suspends 70 fake a/cs of Army officers, the times of india, 2019-09-20), (Twitter suspends 70 fake Army officers' handles, the times of india, 2019-09-20), (Twitter junks fake Army handles, the times of india, 2019-09-20), (Twitter suspends 70 fake handles of Army officers, the times of india, 2019-09-20), (Twitter shoots down 70 fake handles of Army top brass, the times of india, 2019-09-20)","(Twitter suspends 70 fake a/cs of Army officers, the times of india, 2019-09-20)",n-r->n-i,n-r,n-i,Deceptive & Fraudulent Behavior_Impersonation,Platform Ban,Twitter,https://timesofindia.indiatimes.com/india/twitter-suspends-70-handles-claiming-to-be-of-army-brass/articleshow/71210296.cms
25422,"Web Sites Stirring Up Criticism of Coaches, Even the Unbeaten Ones","(Web Sites Stirring Up Criticism of Coaches, Even the Unbeaten Ones, new york times, 2004-11-25)","(Web Sites Stirring Up Criticism of Coaches, Even the Unbeaten Ones, new york times, 2004-11-25)",n-r->1-i,n-r,1-i,Deceptive & Fraudulent Behavior_Defamation,,Online  ,https://www.nytimes.com/2004/11/25/sports/ncaafootball/web-sites-stirring-up-criticism-of-coaches-even-the.html
25285,Windows Code Leaked Onto Internet,"(Windows Code Leaked Onto Internet, los angeles times, 2004-02-13)","(Windows Code Leaked Onto Internet, los angeles times, 2004-02-13)",n-r->1-i,n-r,1-i,Deceptive & Fraudulent Behavior_Intellectual Property,,Online Chat,https://www.latimes.com/archives/la-xpm-2004-feb-13-fi-micro13-story.html
10441,Woman duped of `1.71 lakh in 'like video &amp; earn' scam,"(Woman duped of Rs 1.71 lakh in 'like video &amp; earn' scam in Pune, the times of india, 2023-01-31)","(Woman duped of Rs 1.71 lakh in 'like video &amp; earn' scam in Pune, the times of india, 2023-01-31)",n-r->1-r,n-r,1-r,Deceptive & Fraudulent Behavior_Fraud,Legal Action,Online,https://timesofindia.indiatimes.com/city/pune/woman-duped-of-rs-1-71-lakh-in-like-video-earn-scam/articleshow/97428425.cms
62818,Student duped of Rs 82K in online deal,"(Youth collects Rs 56k via fake online profile, the times of india, 2021-01-07)","(Youth collects Rs 56k via fake online profile, the times of india, 2021-01-07)",1-r->1-r,1-r,1-r,Deceptive & Fraudulent Behavior_Fraud,,Social Media,https://timesofindia.indiatimes.com/city/pune/youth-collects-rs-56k-via-fake-online-profile/articleshow/80141398.cms
42703,Akhilesh: BJP conspiring to defame SP via social media,"('Akhilesh: BJP conspiring to defame SP via social media', 'the times of india', '2021-07-30')",Akhilesh: BJP conspiring to defame SP via social media,n-r->1-i,n-r,1-i,Deceptive & Fraudulent Behavior_Impersonation,Legal Action,Social Media,https://timesofindia.indiatimes.com/city/lucknow/akhilesh-bjp-conspiring-to-defame-sp-via-social-media/articleshow/84875714.cms
43231,4 Questioned After Video Shows Racially Charged Beating in Chicago,"('4 Questioned After Video Shows Racially Charged Beating in Chicago', 'new york times', '2017-01-04')",Another jawan airs woes on social media,1-r->1-i,1-r,1-i,Deceptive & Fraudulent Behavior_Defamation,,Social Media,
,,"(Australian farmer escapes Internet love scam from Mali, 2007)",Australian farmer escapes Internet love scam from Mali,n-r->1-r,n-r,1-r,Deceptive & Fraudulent Behavior_Fraud,Violent Behavior,Online  ,
63401,Bengaluru: Facebook friend cheats advocate of Rs 5.2 lakh,"('Bengaluru: Facebook friend cheats advocate of Rs 5.2 lakh', 'the times of india', '2020-06-16')",Bengaluru: Facebook friend cheats advocate of Rs 5.2 lakh,1-r->1-r,1-r,1-r,Deceptive & Fraudulent Behavior_Fraud,,Facebook,https://timesofindia.indiatimes.com/city/bengaluru/bengaluru-facebook-friend-cheats-advocate-of-rs-5-2-lakh/articleshow/76379283.cms
63480,Cerrada una red ilegal que distribuía filmes 'online',"('Cerrada una red ilegal que distribuía filmes 'online'', 'el pais', '2020-04-22')",Ce­rra­da una red ile­gal que dis­tri­buía fil­mes ‘on­li­ne’,n-r->n-r,n-r,n-r,Deceptive & Fraudulent Behavior_Intellectual Property,Legal Action,Social Network,https://www.pressreader.com/spain/el-pais-1a-edicion-1244/20200422/281990379664471?srsltid=AfmBOor5GwxXWTKkLtXTz0nnCsN1_FwrrrGwzIVY-a4T5flbzehjLxbv
29973,"Wielding Twitter, Europe’s ‘Marshal Twito’ Takes Aim at the Media","(Indian minister attacks Twitter over new social media rules, dpa international (english), 2021-06-16), (Ghaziabad assault: FIR names Twitter amid conflicting narratives of attack, the hindustan times, 2021-06-17), (Loni assault: FIR lodged against Twitter, co-founder of Alt News, seven others, the times of india, 2021-06-16), (Chennai: Fake Twitter profile deleted following actor Senthil's complaint, the times of india, 2021-06-16), (Fake Twitter profile deleted following actor Senthil's plaint, the times of india, 2021-06-15)",Chennai: Fake Twitter profile deleted following actor Senthil’s complaint,1-r->1-i,1-r,1-i,Deceptive & Fraudulent Behavior_Impersonation,Remove Content,Twitter,"https://timesofindia.indiatimes.com/city/chennai/chennai-fake-twitter-profile-deleted-following-actor-senthils-complaint/articleshow/83530323.cms#:~:text=CHENNAI%3A%20Veteran%20actor%20and%20comedian,profile%20was%20deactivated%20within%20hours."
19911,Personal info of 13 million South Korean online gamers hacked,"('Personal info of 13 million South Korean online gamers hacked', 'the hindustan times', '2011-11-28')",China Focus: China to formally conduct ID verification of online gamers to curb addiction,1-r->1-i,1-r,1-i,Deceptive & Fraudulent Behavior_Impersonation,,Game,
,,"(Defiant Web users expose 'secret' DVD cipher, 2007)",Defiant Web users expose 'secret' DVD cipher,n-r->1-i,n-r,1-i,Deceptive & Fraudulent Behavior_Intellectual Property,"Restriction on social media usage (content remove, ban, etc.)","Youtube, Digg",
58610,Woman duped online trying to help stray,"('Woman duped online trying to help stray', 'the times of india', '2022-09-18')",Don't make posts: Court tells retired IAS officer,n-i->n-i,n-i,n-i,Deceptive & Fraudulent Behavior_Defamation,Legal Action,Social Media,
39680,Warning over TikTok's spicy 'One Chip Challenge' after 14-year-old boy dies,"('Warning over TikTok's spicy 'One Chip Challenge' after 14-year-old boy dies', 'the daily telegraph', '2023-09-06')","Engineer falls for 'like video &amp; earn' lure, loses `9 lakh",n-r->1-r,n-r,1-r,Deceptive & Fraudulent Behavior_Fraud,Legal Action,Online,
62775,Delhi man held for making fake FB account of top cop,"(Fake FB account: MCC commissioner approaches police, the times of india, 2021-02-17), (Mumbai Police issue advisory against fake online job racket, the hindustan times, 2021-02-18)",Fake FB account: MCC commissioner approaches police,1-r->1-i,1-r,1-i,Deceptive & Fraudulent Behavior_Impersonation,,Facebook,https://timesofindia.indiatimes.com/city/mysuru/fake-fb-account-mcc-commissioner-approaches-police/articleshow/80998771.cms
,,"(Going online for gripes of wrath, 2005)",Going online for gripes of wrath,n-r->n-i,n-r,n-i,Deceptive & Fraudulent Behavior_Defamation,Legal Action,Online,
17003,"Google not liable for online claims, court rules","('Google not liable for online claims, court rules', 'the daily telegraph', '2012-03-03')",Google not responsible for 'internet graffiti' rules judge,n-r->1-i,n-r,1-i,Deceptive & Fraudulent Behavior_Defamation,Legal Action,Blog,https://www.telegraph.co.uk/technology/google/9118986/Google-not-responsible-for-internet-graffiti-rules-judge.html
56443,Nude pictures of actress posted on twitter,"('Nude pictures of actress posted on twitter', 'the times of india', '2014-08-04')",Gujarat youth held in online job fraud,n-r->1-r,n-r,1-r,Deceptive & Fraudulent Behavior_Fraud,"Fraud, Legal Action",Online,
,,"(Heading Off New Account Fraud, 2007)",Heading Off New Account Fraud,1-r->1-r,1-r,1-r,Deceptive & Fraudulent Behavior_Impersonation,,Online,
37993,"In 92 days, Rs 128cr lost to card, online frauds in India","('In 92 days, Rs 128cr lost to card, online frauds in India', 'the times of india', '2020-03-11')","In 92 days, India lost Rs 128 crore in card, online fraud",n-r->n-r,n-r,n-r,Deceptive & Fraudulent Behavior_Fraud,,Online,https://timesofindia.indiatimes.com/business/india-business/in-92-days-india-lost-rs-128-crore-in-card-online-fraud/articleshow/74571025.cms
15984,WEEKEND INVESTOR --- Wealth Manager: Risks of Being Rich on Social Media,"('WEEKEND INVESTOR --- Wealth Manager: Risks of Being Rich on Social Media', 'wall street journal', '2013-12-21')",Internet giants seek full trial over defamatory video,1-r->1-r,1-r,1-r,Deceptive & Fraudulent Behavior_Defamation,Legal Action,Youtube,
5804,Jiiva's 'Kee' gets leaked online by the piracy website Tamilrockers,"('Jiiva's 'Kee' gets leaked online by the piracy website Tamilrockers', 'the times of india', '2019-05-13')",Jiiva’s 'Kee' gets leaked online by the piracy website Tamilrockers,n-r->n-r,n-r,n-r,Deceptive & Fraudulent Behavior_Intellectual Property,Protective Measures,Tamilrockers,https://timesofindia.indiatimes.com/entertainment/tamil/movies/news/jiivas-kee-gets-leaked-online-by-the-piracy-website-tamilrockers/articleshow/69294029.cms
16081,Facebook and Google Face Challenges to Their Right to Read Your Messages,"('Facebook and Google Face Challenges to Their Right to Read Your Messages', 'bloomberg businessweek', '2013-12-30')",Le Vietnam renforce son arsenal r√©pressif sur Internet,n-r->1-i,n-r,1-i,Deceptive & Fraudulent Behavior_Defamation,Legislation,Social Media,
62023,Luxury-Goods Firms Hunt Copycats as Web Market Expands,"('Luxury-Goods Firms Hunt Copycats as Web Market Expands', 'wall street journal', '2004-08-26')",Luxury-Goods Firms Hunt Copycats as Web Market Expands,n-r->n-r,n-r,n-r,Deceptive & Fraudulent Behavior_Fraud,Enforcement,E-commerce (eBay),https://www.wsj.com/articles/SB109347677685401387
63185,Man creates fake FB profile to talk with estranged wife,"('Man creates fake FB profile to talk with estranged wife', 'the times of india', '2020-07-02')",Man creates fake FB profile to talk with estranged wife,1-r->1-r,1-r,1-r,Deceptive & Fraudulent Behavior_Impersonation,Legal Action,Facebook,https://timesofindia.indiatimes.com/city/vadodara/man-creates-fake-fb-profile-to-talk-with-estranged-wife/articleshow/76717927.cms
,,"(Metro Briefing New York: Brooklyn: Online Crime Hot Line, 2005)",Metro Briefing New York: Brooklyn: Online Crime Hot Line,1-r->1-r,1-r,1-r,Deceptive & Fraudulent Behavior_Fraud,Fraud,Online Dating,
36338,"Internet love scams up, but less money lost","('Internet love scams up, but less money lost', 'the straits times', '2020-05-22')",More than 380 victims lost at least $15m to Internet love scams since start of 2022: Police,n-r->n-r,n-r,n-r,Deceptive & Fraudulent Behavior_Fraud,Legal Action,Social Media,https://www.straitstimes.com/singapore/courts-crime/more-than-380-victims-lost-at-least-15m-to-internet-love-scams-since-start-of-2022-police
62898,"Vasai resident duped of Rs 80,000 by Facebook 'friend'","('Vasai resident duped of Rs 80,000 by Facebook 'friend'', 'the times of india', '2021-01-06')","Mumbai: Fake facebook friend dupes Vasai man of Rs 80,000",1-r->1-r,1-r,1-r,Deceptive & Fraudulent Behavior_Fraud,Legal Action,Facebook,https://www.daijiworld.com/news/newsDisplay?newsID=788168
62655,Mumbai: Senior citizen duped in online wine fraud,"('Mumbai: Senior citizen duped in online wine fraud', 'the times of india', '2021-04-13')",Mumbai: Senior citizen duped in online wine fraud,1-i->1-r,1-i,1-r,Deceptive & Fraudulent Behavior_Fraud,,Online,https://timesofindia.indiatimes.com/city/mumbai/mumbai-senior-citizen-duped-in-online-wine-fraud/articleshow/82034580.cms
37168,"One man, 8 profiles and an elaborate hoax","('One man, 8 profiles and an elaborate hoax', 'the hindustan times', '2020-05-10')","One man, 8 profiles and an elaborate hoax",1-r->n-r,1-r,n-r,Deceptive & Fraudulent Behavior_Impersonation,Legal Action,Facebook,https://www.hindustantimes.com/india-news/one-man-8-profiles-and-an-elaborate-hoax/story-2vWx4Ot7lqrsasXK2UylCI.html
61275,Reply Letters and emails: Online offers that are too good to be true,"('Reply Letters and emails: Online offers that are too good to be true', 'the guardian', '2008-07-04')",Online offers that are too good to be true,n-r->n-r,n-r,n-r,Deceptive & Fraudulent Behavior_Fraud,,eBay,https://www.theguardian.com/technology/2008/jul/04/ebay.internet
,,"(Online Sharing Evolves for Warner Bros.; Peer-to-Peer Technology, Long Scorned for Pirating, Is Tapped for Sales of Movies, Shows, 2006)","Online Sharing Evolves for Warner Bros.; Peer-to-Peer Technology, Long Scorned for Pirating, Is Tapped for Sales of Movies, Shows",1-i->1-i,1-i,1-i,Deceptive & Fraudulent Behavior_Intellectual Property,,Online,
65304,Mohali woman duped of Rs 9 lakh by her British Facebook friend,"('Mohali woman duped of Rs 9 lakh by her British Facebook friend', 'the hindustan times', '2015-06-01')",Punjabi-British FB friendship logs out with Rs 9 lakh fraud,1-r->n-r,1-r,1-r,Deceptive & Fraudulent Behavior_Fraud,,Facebook,https://timesofindia.indiatimes.com/city/chandigarh/punjabi-british-fb-friendship-logs-out-with-rs-9-lakh-fraud/articleshow/47486311.cms
66362,"Saturday Money: Fake Guardian page is used by loans website to trade on our trusted image: Scams Copycat sites are usually designed to illegally capture their victims' passwords and log-ins under the guise of a bank or HMRC. But, as Patrick Collinson and Miles Brignall report, they now have a new target","('Saturday Money: Fake Guardian page is used by loans website to trade on our trusted image: Scams Copycat sites are usually designed to illegally capture their victims' passwords and log-ins under the guise of a bank or HMRC. But, as Patrick Collinson and Miles Brignall report, they now have a new target', 'the guardian', '2014-07-19')",Reader scammed by fake Guardian webpage; Copycat Guardian site used by loan company to boost its credibility,1-i->n-r,1-i,n-r,Deceptive & Fraudulent Behavior_Fraud,Legal Action,Guardian,https://www.theguardian.com/money/2014/jul/19/fake-guardian-webpages-boost-credibility
25099,G2: Food: Reviews on a plate: A website where customers can post their sometimes unflattering opinions of restaurants is worrying chefs,"('G2: Food: Reviews on a plate: A website where customers can post their sometimes unflattering opinions of restaurants is worrying chefs', 'the guardian', '2005-08-24')",Reviews on a plate: A website where customers can post their sometimes unflattering opinions of restaurants is worrying chefs. Mira Katbamna reports,n-r->n-r,n-r,n-r,Deceptive & Fraudulent Behavior_Defamation,,reviewing website (London-eating.co.uk),https://www.theguardian.com/technology/2005/aug/24/foodanddrink.food
,,"(Surfers count the cost of internet hijacking, 2005)",Surfers count the cost of internet hijacking,n-r->n-r,n-r,n-r,Deceptive & Fraudulent Behavior_Fraud,"Fraud, Protective Measures",Online,
62840,Two held for selling counterfeit versions of branded clothes online,"('Two held for selling counterfeit versions of branded clothes online', 'the hindustan times', '2021-03-05')",Two held for selling counterfeit versions of branded clothes online,n-r->n-r,n-r,n-r,Deceptive & Fraudulent Behavior_Fraud,Legal Action,Social Media,https://www.hindustantimes.com/cities/gurugram-news/two-held-for-selling-counterfeit-versions-of-branded-clothes-online-101614967141856.html
38811,Zero Hedge knocked off Twitter over virus story,"('Zero Hedge knocked off Twitter over virus story', 'the daily telegraph', '2020-02-03')",Vedhika clarifies about the fake Twitter handle of THIS blockbuster director,1-r->1-i,1-r,1-i,Deceptive & Fraudulent Behavior_Impersonation,Public Message from/to Social Media,Twitter,
21538,"Web Photos That Reveal Secrets, Like Where You Live","('Web Photos That Reveal Secrets, Like Where You Live', 'new york times', '2010-08-11')","Web Photos That Reveal Secrets, Like Where You Live",n-r->n-r,n-r,n-r,Deceptive & Fraudulent Behavior_Cybersecurity,,Online,https://www.nytimes.com/2010/08/12/technology/personaltech/12basics.html
16217,"Sikh federation writes to Facebook to stop derogatory depiction, comments on Sikh gurus","('Sikh federation writes to Facebook to stop derogatory depiction, comments on Sikh gurus', 'the times of india', '2013-07-18')",Why Reviews On the Web Say Bad Things,n-r->n-r,n-r,n-r,Deceptive & Fraudulent Behavior_Defamation,,Online Shopping,
61789,World Briefing | Asia: China: Police Seize Fake Tamiflu Sold On Internet,"('World Briefing | Asia: China: Police Seize Fake Tamiflu Sold On Internet', 'new york times', '2006-08-31')",World Briefing | Asia: China: Police Seize Fake Tamiflu Sold On Internet,n-r->n-r,n-r,n-r,Deceptive & Fraudulent Behavior_Fraud,,Internet,https://www.nytimes.com/2006/08/31/health/world/world-briefing-asia-china-police-seize-fake-tamiflu-sold-on.html